{
    "ComponentIconsSize": 1.0,
    "ComponentIconsOffset": 21,
    "ComponentIconsSpacing": 2.0,
    "HierarchyTreeColor": {
        "r": 0.8666666746139526,
        "g": 0.7529411911964417,
        "b": 0.6431372761726379,
        "a": 0.8823529481887817
    },
    "TreeBranchImageType_I": 0,
    "TreeBranchImageType_L": 0,
    "TreeBranchImageType_T": 0,
    "TreeBranchImageType_TerminalBud": 0,
    "TagColor": {
        "r": 0.8666666746139526,
        "g": 0.7529411911964417,
        "b": 0.6431372761726379,
        "a": 0.8823529481887817
    },
    "TagTextAnchor": 5,
    "TagFontStyle": 2,
    "TagFontSize": 8,
    "LayerColor": {
        "r": 0.8666666746139526,
        "g": 0.7529411911964417,
        "b": 0.6431372761726379,
        "a": 0.8823529481887817
    },
    "LayerTextAnchor": 4,
    "LayerFontStyle": 2,
    "LayerFontSize": 8,
    "TagLayerOffset": 5,
    "TagLayerSpacing": 5,
    "HierarchyLineColor": {
        "r": 0.8666666746139526,
        "g": 0.7529411911964417,
        "b": 0.6431372761726379,
        "a": 0.501960813999176
    },
    "HierarchyLineThickness": 1,
    "HierarchyButtonLockColor": {
        "r": 0.8666666746139526,
        "g": 0.7529411911964417,
        "b": 0.6431372761726379,
        "a": 0.8823529481887817
    },
    "HierarchyButtonVisibilityColor": {
        "r": 0.8666666746139526,
        "g": 0.7529411911964417,
        "b": 0.6431372761726379,
        "a": 0.501960813999176
    },
    "FolderDefaultTextColor": {
        "r": 0.9058823585510254,
        "g": 0.843137264251709,
        "b": 0.7803921699523926,
        "a": 1.0
    },
    "FolderDefaultFontSize": 12,
    "FolderDefaultFontStyle": 2,
    "FolderDefaultImageColor": {
        "r": 0.8392156958580017,
        "g": 0.6745098233222961,
        "b": 0.5176470875740051,
        "a": 1.0
    },
    "FolderDefaultImageType": 9,
    "SeparatorDefaultTextColor": {
        "r": 0.8941176533699036,
        "g": 0.7764706015586853,
        "b": 0.6705882549285889,
        "a": 1.0
    },
    "SeparatorDefaultIsGradientBackground": false,
    "SeparatorDefaultBackgroundColor": {
        "r": 0.6705882549285889,
        "g": 0.40392157435417178,
        "b": 0.24705882370471955,
        "a": 1.0
    },
    "SeparatorDefaultBackgroundGradient": {
        "serializedVersion": "2",
        "key0": {
            "r": 1.0,
            "g": 1.0,
            "b": 1.0,
            "a": 1.0
        },
        "key1": {
            "r": 1.0,
            "g": 1.0,
            "b": 1.0,
            "a": 1.0
        },
        "key2": {
            "r": 0.0,
            "g": 0.0,
            "b": 0.0,
            "a": 0.0
        },
        "key3": {
            "r": 0.0,
            "g": 0.0,
            "b": 0.0,
            "a": 0.0
        },
        "key4": {
            "r": 0.0,
            "g": 0.0,
            "b": 0.0,
            "a": 0.0
        },
        "key5": {
            "r": 0.0,
            "g": 0.0,
            "b": 0.0,
            "a": 0.0
        },
        "key6": {
            "r": 0.0,
            "g": 0.0,
            "b": 0.0,
            "a": 0.0
        },
        "key7": {
            "r": 0.0,
            "g": 0.0,
            "b": 0.0,
            "a": 0.0
        },
        "ctime0": 0,
        "ctime1": 65535,
        "ctime2": 0,
        "ctime3": 0,
        "ctime4": 0,
        "ctime5": 0,
        "ctime6": 0,
        "ctime7": 0,
        "atime0": 0,
        "atime1": 65535,
        "atime2": 0,
        "atime3": 0,
        "atime4": 0,
        "atime5": 0,
        "atime6": 0,
        "atime7": 0,
        "m_Mode": 0,
        "m_ColorSpace": -1,
        "m_NumColorKeys": 2,
        "m_NumAlphaKeys": 2
    },
    "SeparatorDefaultFontSize": 13,
    "SeparatorDefaultFontStyle": 2,
    "SeparatorDefaultTextAnchor": 4,
    "SeparatorDefaultImageType": 3,
    "SeparatorLeftSideTextAnchorOffset": 3,
    "SeparatorCenterTextAnchorOffset": -15,
    "SeparatorRightSideTextAnchorOffset": 36,
    "LockColor": {
        "r": 0.8666666746139526,
        "g": 0.7529411911964417,
        "b": 0.6431372761726379,
        "a": 0.8823529481887817
    },
    "LockTextAnchor": 4,
    "LockFontStyle": 2,
    "LockFontSize": 11
}